Symbol,Name,GICS Sector,Ret,Dividend Yield (Forward),PE Ratio (Forward),Price to Book Value,Market Cap (millions),Beta (3Y),Return on Equity (TTM)
A,Agilent Technologies,Health Care,-0.0064,0.0095,23.79755052,4.405710319,20323.35739,1.4876,0.051643
AAL,American Airlines Group,Industrials,-0.0174,0.0091,8.352560143,#N/A,20687.66336,1.32,0.666881
AAP,Advance Auto Parts,Consumer Discretionary,-0.0097,0.0019,19.15024061,2.712952421,9621.848078,0.9451,#N/A
AAPL,Apple,Information Technology,-0.0065,0.0153,16.80758046,7.488633702,950145.3267,1.1667,0.399307
ABBV,AbbVie,Health Care,0.0035,0.0392,12.71458799,44.17177386,156942.3825,1.632,1.211092
ABC,AmerisourceBergen,Health Care,-0.0151,0.0182,13.06431855,5.844841319,18630.5955,1.181,0.323661
ABMD,Abiomed,Health Care,-0.0077,#N/A,113.2526716,26.20192179,18066.88241,0.0133,0.190376
ABT,Abbott Laboratories,Health Care,-0.0094,0.0179,21.997,3.5188,110485.8952,1.6873,0.015131
ACN,Accenture,Information Technology,0.0002,0.0167,23.876991,11.11044566,107578.5303,1.0754,0.40912
ADBE,Adobe Systems,Information Technology,-0.0004,#N/A,39.17831806,14.42044005,124506.3412,0.793,0.231028
ADI,Analog Devices,Information Technology,-0.0286,0.0195,17.23150158,3.529128866,37356.7761,1.131,0.104402
ADM,Archer-Daniels Midland,Consumer Staples,-0.0074,0.0306,14.4659888,1.32037936,24732.71719,0.8637,0.092488
ADP,Automatic Data Processing,Information Technology,0.0066,0.0208,31.0994003,14.65603348,59052.01434,0.8857,0.444611
ADS,Alliance Data Systems,Information Technology,-0.0106,0.0109,9.566283524,5.980328404,11969.12679,1.8797,0.489221
ADSK,Autodesk,Information Technology,-0.0019,#N/A,150.8645861,#N/A,29976.28864,1.8075,-4.756544
AEE,Ameren,Utilities,-0.0008,0.0315,18.93569536,1.934691256,13988.16463,0.211,0.079486
AEP,American Electric Power,Utilities,-0.0018,0.0372,16.78886952,1.73948221,32151.9341,0.0521,0.098217
AES,AES,Utilities,-0.0131,0.0407,10.7519,2.6783,8551.8994,1.2788,-0.152464
AET,Aetna,Health Care,0.0038,0.0113,15.98318571,3.502836529,57438.76,0.664,0.226219
AFL,Aflac,Financials,-0.006,0.0229,11.44807088,1.449375017,35201.37808,0.7905,0.209795
AGN,Allergan,Health Care,-0.0003,0.0186,9.508967324,0.713575301,51612.26114,1.2197,-0.026529
AIG,American International Gr,Financials,0.0042,0.024,11.04485902,0.769514764,48322.29747,1.1254,-0.090902
AIV,Apartment Inv & Mgmt,Real Estate,-0.0076,0.037,63.07996213,4.208731964,6503.283738,0.76,0.267945
AIZ,Assurant,Financials,0.0031,0.0238,12.75121872,1.107239433,4968.1401,0.3713,0.11321
AJG,Arthur J. Gallagher,Financials,-0.0069,0.0248,19.1254206,2.681277524,12104.74992,1.1682,0.168281
AKAM,Akamai Technologies,Information Technology,-0.0284,#N/A,24.14452153,3.98175905,13483.20628,-0.0561,0.057857
ALB,Albemarle,Materials,-0.0224,0.0142,18.01401716,2.75876628,10484.29069,1.6558,0.036063
ALGN,Align Technology,Health Care,-0.0064,#N/A,72.81725739,24.60802219,27744.58552,1.8228,0.230939
ALK,Alaska Air Group,Industrials,-0.0082,0.021,11.76111129,2.194912132,7548.368896,0.5174,0.277335
ALL,Allstate,Financials,-0.0085,0.0196,10.30500535,1.570115172,32930.98567,0.9033,0.171192
ALLE,Allegion,Industrials,-0.0092,0.0108,17.80597186,16.48670772,7517.93569,1.1349,0.844045
ALXN,Alexion Pharmaceuticals,Health Care,-0.0105,#N/A,17.0147734,2.913124278,26546.55847,1.039,0.058459
AMAT,Applied Materials,Information Technology,-0.021,0.0096,11.43725783,7.575383133,53345.88961,1.3317,0.37908
AMD,Advanced Micro Devices,Information Technology,-0.0021,#N/A,32.66884222,20.10538552,14375.37152,3.3846,0.368638
AME,AMETEK,Industrials,-0.0102,0.0075,24.12490942,4.162969058,17502.74084,0.9584,0.19055
AMG,Affiliated Managers Group,Financials,-0.02,0.0074,9.925391669,2.412019097,8869.112651,1.6719,0.196597
AMGN,Amgen,Health Care,0.0023,0.0288,13.29771484,7.693028041,120165.8096,1.7047,0.081913
AMP,Ameriprise Financial,Financials,-0.0182,0.0257,9.594134326,3.458351903,20196.62361,1.9357,0.272861
AMT,American Tower,Real Estate,-0.0092,0.0222,41.70083534,9.687457636,61362.01821,0.8578,0.186257
AMZN,Amazon.com,Consumer Discretionary,-0.0064,#N/A,136.9678864,26.14065396,822464.4478,1.6857,0.153009
ANDV,Andeavor,Energy,0.0021,0.0158,16.09800256,2.304259514,22194.60594,0.9497,0.192236
ANSS,Ansys,Information Technology,-0.0028,#N/A,34.63100362,5.933307532,14283.71315,1.0662,0.123542
ANTM,Anthem,Health Care,-0.0042,0.0135,14.80472904,2.152752975,58149.71247,1.0118,0.157038
AON,Aon,Financials,-0.0085,0.0114,17.43636538,6.491318072,34410.24408,0.794,0.290684
AOS,A.O. Smith,Industrials,-0.0115,0.0113,24.22700037,6.308133594,10776.818,1.4874,0.187488
APA,Apache,Energy,0.0203,0.0257,21.24658617,1.973386728,14804.65761,1.6113,0.175503
APC,Anadarko Petroleum,Energy,0.0115,0.0141,24.32365199,4.079617868,35659.56299,1.8881,-0.001587
APD,Air Products & Chemicals,Materials,-0.0163,0.0269,22.41009527,3.41483806,36131.88955,0.9855,0.115053
APH,Amphenol,Information Technology,-0.006,0.0104,25.45925031,6.927651039,27114.15019,0.9299,0.176777
APTV,Aptiv,Consumer Discretionary,-0.0226,0.0089,18.57865195,7.642911855,26498.09153,1.6578,0.429644
ARE,Alexandria Real Estate,Real Estate,-0.01,0.0287,48.58407896,2.131077156,13042.74624,1.2046,0.04819
ARNC,Arconic,Industrials,0.0019,0.0135,14.24701984,1.641247576,8555.784858,#N/A,-0.046741
ATVI,Activision Blizzard,Information Technology,0.0016,0.0047,28.04199298,5.64134954,55392.8733,0.8004,0.035745
AVB,AvalonBay Communities,Real Estate,-0.0094,0.0352,38.32789084,2.232719527,23075.34125,0.5259,0.075833
AVGO,Broadcom,Information Technology,-0.0201,0.0273,13.35950753,4.113258652,106536.7462,0.6747,0.367798
AVY,Avery Dennison,Materials,-0.0115,0.0196,17.90085555,8.657720088,9434.271511,1.4279,0.275246
AWK,American Water Works Co,Utilities,-0.0066,0.0222,24.4525699,2.628384395,14327.51456,0.018,0.081221
AXP,American Express,Financials,-0.0137,0.0142,13.7218721,4.35601991,85433.96647,0.9516,0.155045
AYI,Acuity Brands,#N/A,0.0036,0.0044,13.86023953,2.986126172,4884.668486,1.3294,0.203824
AZO,AutoZone,Consumer Discretionary,-0.0125,#N/A,13.15093861,#N/A,17415.88502,0.8043,-0.853685
BA,Boeing,Industrials,-0.013,0.0192,24.55749186,171.7708002,209903.9343,1.7147,63.959778
BAC,Bank of America,Financials,-0.0079,0.0163,11.39993044,1.223605952,295562.1808,1.5958,0.082818
BAX,Baxter International,Health Care,-0.0088,0.0105,25.65851418,4.367977035,39743.76352,1.0672,0.091548
BBT,BB&T,Financials,0.0004,0.0282,13.24348676,1.565392465,41576.37133,1.1211,0.102951
BBY,Best Buy Co,Consumer Discretionary,-0.0086,0.0261,14.37619055,5.601368036,20232.27161,0.129,0.234533
BDX,"Becton, Dickinson and Co",Health Care,-0.0243,0.0133,20.67993463,2.878535935,60881.93014,1.1148,0.003097
BEN,Franklin Resources,Financials,-0.0071,0.027,10.59360411,1.813703397,18242.83434,1.4563,0.058928
BF.B,Brown-Forman,Consumer Staples,-0.0629,0.0114,30.58887484,27.9484135,33566.07173,0.6809,0.551158
BHF,Brighthouse Financial,Financials,0.0023,#N/A,5.403535893,0.411643826,5601.787928,#N/A,#N/A
BHGE,"Baker Hughes, a GE",Energy,-0.0112,0.0206,40.82374288,2.623617998,37392.50255,0.4801,-0.000203
BIIB,Biogen,Health Care,-0.0243,#N/A,12.54642012,4.480793015,62971.08761,1.1902,0.236806
BK,Bank of New York Mellon,Financials,-0.023,0.0173,13.12995446,1.471600502,56193.59675,1.0582,0.118327
BKNG,Booking Holdings,Consumer Discretionary,-0.0106,#N/A,24.29163121,9.705342705,103229.8718,0.9352,0.21796
BLK,BlackRock,Financials,-0.0225,0.0214,19.06483354,2.676544652,85589.88259,1.648,0.170331
BLL,Ball,Materials,-0.0037,0.0109,15.88811523,3.174177615,12801.3922,0.4805,0.115081
BMY,Bristol-Myers Squibb,Health Care,-0.0028,0.0301,15.24197629,6.633751293,84865.23889,1.0661,0.067147
BRK.B,Berkshire Hathaway,Financials,-0.0118,#N/A,21.04677439,1.355603659,470939.9141,0.8639,0.124389
BSX,Boston Scientific,Health Care,-0.0089,#N/A,22.11631833,6.027590196,42373.98045,0.9826,0.015591
BWA,BorgWarner,Consumer Discretionary,-0.0236,0.0136,11.41420342,2.709898014,10597.53474,1.9245,0.128813
BXP,Boston Properties,Real Estate,-0.0029,0.0263,49.08808165,3.319115222,18849.38806,0.9573,0.09631
C,Citigroup,Financials,-0.0239,0.019,10.32067605,0.931367686,170208.0611,1.4749,-0.031584
CA,CA,Information Technology,0.0005,0.0283,12.98858488,2.553420194,15052.37942,0.6217,0.081756
CAG,Conagra Brands,Consumer Staples,-0.0035,0.023,16.20016349,3.952687946,14705.82748,0.3308,0.229123
CAH,Cardinal Health,Health Care,-0.0196,0.0362,10.71418991,2.176907656,16407.27485,1.1074,0.240586
CAT,Caterpillar,Industrials,-0.0188,0.0203,14.28847003,6.014888708,91462.40141,1.5021,0.15438
CB,Chubb,Financials,-0.0087,0.0223,12.50672864,1.189361474,60996.78496,0.8685,0.076237
CBOE,Cboe Global Markets,Financials,0.0042,0.011,21.42137054,3.518330417,11171.40175,0.6721,0.17123
CBRE,CBRE Group,Real Estate,-0.0204,#N/A,15.20920009,3.709519021,16164.81493,2.1604,0.188164
CBS,CBS,Consumer Discretionary,-0.0196,0.0144,9.554024666,9.599934344,19036.58731,1.326,0.449186
CCI,Crown Castle Intl,Real Estate,-0.0097,0.0405,84.18391742,3.338086832,42834.61267,0.3475,0.041613
CCL,Carnival,Consumer Discretionary,0.0044,0.0317,13.70765178,1.779320493,43382.28919,1.0491,0.111703
CDNS,Cadence Design Systems,Information Technology,-0.0029,#N/A,26.98898936,10.78223316,12316.47312,1.2735,0.211492
CELG,Celgene,Health Care,-0.0077,#N/A,9.152545455,10.92990434,56529.26551,1.2502,0.369952
CERN,Cerner,Health Care,-0.0167,#N/A,24.20805163,4.089034695,20038.25949,1.0348,0.187903
CF,CF Industries Holdings,Materials,-0.0096,0.0297,41.34203796,2.684195908,9647.089968,1.3157,0.131446
CFG,Citizens Financial Group,Financials,-0.0079,0.0211,12.09728466,1.015368647,20116.15389,1.4518,0.086769
CHD,Church & Dwight Co,Consumer Staples,0.0031,0.0184,20.57437566,5.337515422,11439.82315,0.1357,0.3811
CHRW,C.H. Robinson Worldwide,Industrials,0.0016,0.021,20.08726819,8.23700814,12229.32628,0.4525,0.379504
CHTR,Charter Communications,Consumer Discretionary,-0.0089,#N/A,67.61855681,1.627251056,63086.90145,1.3334,0.264313
CI,Cigna,Health Care,-0.0115,0.0002,12.93781446,2.928443509,41569.67002,0.5457,0.180248
CINF,Cincinnati Financial,Financials,-0.0081,0.0302,22.7225207,1.447281606,11500.06872,0.7472,0.106022
CL,Colgate-Palmolive,Consumer Staples,-0.0076,0.0268,19.73283703,#N/A,54345.57961,0.5816,-10.740741
CLX,Clorox,Consumer Staples,unch,0.0319,19.83197614,18.77946206,15718.38592,0.3469,1.287081
CMA,Comerica,Financials,-0.0079,0.0142,14.05295462,2.056083161,16448.85877,1.4597,0.102977
CMCSA,Comcast,Consumer Discretionary,-0.0116,0.0243,12.45868706,2.062365676,143295.0696,1.2706,0.383195
CME,CME Group,Financials,0.0058,0.0167,25.18813604,2.548194292,58030.19134,0.5985,0.198474
CMG,Chipotle Mexican Grill,Consumer Discretionary,-0.0045,#N/A,52.62998914,9.237377802,12600.13787,0.4511,0.135927
CMI,Cummins,Industrials,-0.0122,0.0301,10.49090408,3.154832235,23326.89948,0.8924,0.125609
CMS,CMS Energy,Utilities,-0.0017,0.0317,18.90811052,2.715863653,12482.0164,0.0495,0.112099
CNC,Centene,Health Care,0.0001,#N/A,16.7668275,3.228640934,24224.43502,1.012,0.153853
CNP,CenterPoint Energy,Utilities,-0.0025,0.0433,16.11667872,2.279909169,11073.76227,0.6619,0.435523
COF,Capital One Financial,Financials,-0.0156,0.0169,9.355521123,0.932823345,45899.92167,1.1918,0.051332
COG,Cabot Oil & Gas,Energy,0.0042,0.0104,20.48612045,4.234413497,10190.07964,0.4555,0.043292
COL,Rockwell Collins,Industrials,-0.0058,0.0095,19.22404491,3.411672018,22629.32055,0.7104,0.168153
COO,The Cooper Companies,Health Care,-0.0139,0.0003,19.05867562,3.491347291,11019.72283,0.9976,0.057494
COP,ConocoPhillips,Energy,0.0026,0.0167,17.18212984,2.587876348,79049.67249,1.32,-0.017579
COST,Costco Wholesale,Consumer Staples,0.0095,0.0116,28.84218737,7.145926614,86773.01964,1.0552,0.270435
COTY,Coty,Consumer Staples,-0.029,0.0381,19.19326965,1.042118195,9899.586994,-0.3329,-0.030895
CPB,Campbell Soup,Consumer Staples,-0.022,0.0421,11.64651349,5.161203897,10023.13752,-0.013,0.641822
CRM,Salesforce.com,Information Technology,0.0038,#N/A,58.14864015,9.008269295,99631.67355,1.2114,0.052633
CSCO,Cisco Systems,Information Technology,-0.0021,0.0302,16.87538782,4.403486829,205468.9365,1.2278,-0.021457
CSX,CSX,Industrials,unch,0.0134,19.79195904,3.939008811,56635.37143,1.2164,0.459083
CTAS,Cintas,Industrials,0.003,0.0088,26.87751911,6.998791987,20254.55958,0.9498,0.296403
CTL,CenturyLink,Telecommunication Services,-0.0019,0.1218,16.95413333,0.802135714,18804.29098,0.6461,0.077707
CTSH,Cognizant Tech Solns,Information Technology,0.0196,0.0104,17.17852793,4.107368881,45131.79231,0.7618,0.13813
CTXS,Citrix Systems,Information Technology,-0.0092,#N/A,20.55685294,28.16267424,14739.74246,1.3755,0.067294
CVS,CVS Health,Consumer Staples,0.0023,0.0312,9.053621232,1.664857769,64384.21015,0.8403,0.186043
CVX,Chevron,Energy,0.007,0.0362,15.68942004,1.559937154,234541.6756,1.1737,0.068775
CXO,Concho Resources,Energy,0.0066,#N/A,29.19054968,1.934612914,18839.69411,1.2322,0.128073
D,Dominion Energy,Utilities,0.0214,0.0527,15.39328708,2.306004278,40791.01925,0.2946,0.177158
DAL,Delta Air Lines,Industrials,-0.0048,0.0224,8.922982279,3.056731292,38383.40889,0.9949,0.263185
DE,Deere,Industrials,-0.0114,0.018,16.21042666,4.81332757,50108.45641,0.9203,0.200683
DFS,Discover Financial,Financials,-0.0199,0.0189,9.619902775,2.521549413,25991.81439,1.3686,0.20895
DG,Dollar General,Consumer Discretionary,-0.0152,0.013,15.54042446,4.040632484,25198.56535,0.7223,0.276978
DGX,Quest Diagnostics,Health Care,-0.0063,0.0185,16.15219445,2.8813689,14493.05345,1.2623,0.163053
DHI,D.R. Horton,Consumer Discretionary,0.0012,0.0118,10.81123307,1.933357092,15851.43005,0.9253,0.148452
DHR,Danaher,Health Care,-0.0018,0.0064,22.88357632,2.622695435,71310.30117,0.9836,0.10026
DIS,Walt Disney,Consumer Discretionary,-0.0136,0.0169,14.07406425,3.292924232,148679.6992,1.1541,0.265493
DISCA,Discovery,Consumer Discretionary,-0.013,#N/A,8.163314367,1.439583926,11356.60368,1.4705,-0.096233
DISCK,Discovery,Consumer Discretionary,-0.0042,#N/A,7.806672008,1.366705308,10782.24674,1.3219,-0.096233
DISH,DISH Network,Consumer Discretionary,-0.0058,#N/A,11.20838154,1.877184499,13750.32254,0.9086,0.345996
DLR,Digital Realty Trust,Real Estate,-0.0388,0.0372,70.3311572,2.477320127,22306.74776,0.4941,0.038216
DLTR,Dollar Tree Stores,Consumer Discretionary,-0.0071,#N/A,14.98649509,2.681021968,19721.10829,0.6629,0.260602
DOV,Dover,Industrials,-0.0029,0.0241,16.29198045,2.724647931,12112.81848,1.1576,0.182404
DPS,Dr Pepper Snapple Group,#N/A,-0.0106,0.0193,23.48177377,8.710250312,21653.58922,0.8381,0.463466
DRE,Duke Realty,Real Estate,-0.0059,0.0281,69.27618384,2.252386403,10211.06088,0.7963,0.374505
DRI,Darden Restaurants,Consumer Discretionary,0.0005,0.0285,16.47449482,5.199971309,11049.45081,0.0581,0.266411
DTE,DTE Energy,Utilities,-0.0034,0.0349,17.14961767,1.82215122,18017.65207,0.1456,0.116353
DUK,Duke Energy,Utilities,0.001,0.0468,15.79843152,1.253632851,52393.2856,0.0922,0.071355
DVA,DaVita,Health Care,-0.0118,#N/A,16.32095739,2.567947228,11763.045,1.4391,0.081263
DVN,Devon Energy,Energy,0.0183,0.0077,25.30982133,2.311630806,20585.322,2.903,0.017592
DWDP,DowDuPont,Materials,-0.0185,0.023,16.33569269,1.552810219,157233.299,1.5643,0.023277
DXC,DXC Technology,Information Technology,-0.0132,0.0091,10.39444522,1.772931593,23911.16154,#N/A,0.167217
EA,Electronic Arts,Information Technology,0.0274,#N/A,27.34552908,9.143580573,42014.62898,1.057,0.241268
EBAY,eBay,Information Technology,-0.0018,#N/A,17.52308969,5.235503583,39769.05982,1.4947,-0.164364
ECL,Ecolab,Materials,-0.0066,0.0114,26.86608291,5.490324248,41731.60509,0.8707,0.207653
ED,Consolidated Edison,Utilities,-0.0035,0.0379,17.36159067,1.469140467,22997.16433,-0.0199,0.104108
EFX,Equifax,Industrials,-0.0003,0.0136,19.78086161,4.31818344,14140.63409,0.9698,0.169776
EIX,Edison International,Utilities,-0.0117,0.0398,14.93041318,1.68813576,19744.15873,-0.0534,0.035095
EL,The Estee Lauder,Consumer Staples,0.0042,0.0102,33.31972094,11.58691917,54586.02518,0.3293,0.255664
EMN,Eastman Chemical,Materials,-0.0184,0.0212,12.42888847,2.735959838,15170.66928,0.9814,0.274436
EMR,Emerson Electric,Industrials,-0.0026,0.0272,22.62373293,5.391969697,45788.64762,1.2164,0.215622
EOG,EOG Resources,Energy,0.0038,0.0063,23.26114486,4.007848656,67495.22761,1.1971,0.213196
EQIX,Equinix,Real Estate,-0.0174,0.0228,91.51880574,4.406195827,31462.90503,0.6548,0.037799
EQR,Equity Residential,Real Estate,-0.0139,0.0338,46.62411819,2.299408946,23573.04112,0.5853,0.06561
EQT,EQT,Energy,-0.0028,0.0023,22.16282256,1.150211755,13476.36884,0.4968,-0.027943
ES,Eversource Energy,Utilities,0.0034,0.0362,16.90075676,1.558432432,17428.719,0.2747,0.090805
ESRX,Express Scripts Holding,Health Care,0.0222,#N/A,8.267600238,2.280088536,42050.43402,1.0729,0.272996
ESS,Essex Property Trust,Real Estate,-0.0122,0.0312,50.7161706,2.498959217,15915.1528,0.5228,0.054777
ETFC,E*TRADE Financial,Financials,-0.0145,#N/A,18.06748056,2.75316186,17069.68586,1.2373,0.115354
ETN,Eaton,Industrials,-0.0142,0.0343,15.17208985,2.013129869,34752.231,1.1637,0.185839
ETR,Entergy,Utilities,0.0007,0.0444,12.60513185,1.762248889,14053.61021,0.5294,0.057867
EVHC,Envision Healthcare,Health Care,-0.0002,#N/A,11.91028061,0.810689296,5230.324271,-0.1628,0.020429
EW,Edwards Lifesciences,Health Care,0.0116,#N/A,30.63956792,9.213203537,29903.23092,0.7123,0.186087
EXC,Exelon,Utilities,-0.0078,0.0337,13.10397213,1.291246941,39035.2171,0.2566,0.10231
EXPD,Expeditors International,Industrials,-0.0055,0.0119,23.88764692,6.689090134,13240.75157,0.5845,0.269278
EXPE,Expedia Group,Consumer Discretionary,-0.0023,0.01,23.34556544,4.300456343,18040.25821,1.1108,0.075588
EXR,Extra Space Storage,Real Estate,-0.0064,0.0356,33.41907437,5.256898614,12320.87859,0.4237,0.213318
F,Ford Motor,Consumer Discretionary,-0.0043,0.0512,7.589164906,1.294058433,47102.1527,0.8541,0.231524
FAST,Fastenal,Industrials,-0.0172,0.0276,21.71524848,7.189587507,15615.74803,0.9471,0.301264
FB,Facebook,Information Technology,0.0035,#N/A,25.80951832,7.19522054,558489.4685,0.7906,0.253777
FBHS,Fortune Brands Home,Industrials,-0.0155,0.0141,15.93464057,3.586112795,8451.842834,1.3009,0.188125
FCX,Freeport-McMoRan,Materials,-0.0238,0.0117,8.993471819,2.962513074,25643.65736,2.5346,0.311638
FDX,FedEx,Industrials,-0.0131,0.0079,14.4480338,3.563714285,67332.88612,1.5053,0.266332
FE,FirstEnergy,Utilities,-0.0124,0.0421,14.25038439,2.244034122,16186.30162,0.387,-0.093324
FFIV,F5 Networks,Information Technology,-0.0017,#N/A,18.66661218,8.868681537,10878.39883,0.8053,0.355272
FIS,Fidelity National Info,Information Technology,0.0004,0.0124,20.02239303,3.305070743,34687.00949,0.952,0.133408
FISV,Fiserv,Information Technology,-0.0007,#N/A,23.90163975,10.29040281,30572.64589,0.7839,0.552576
FITB,Fifth Third Bancorp,Financials,0.0076,0.0208,12.28603548,1.430238484,21243.51174,1.2399,0.172696
FL,Foot Locker,Consumer Discretionary,-0.0061,0.0252,12.62464014,2.650245094,6739.687497,0.5984,0.100112
FLIR,FLIR Systems,Information Technology,0.0076,0.0117,25.60033937,4.241918149,7576.97367,0.5926,0.057626
FLR,Fluor,Industrials,-0.0039,0.0171,21.84916689,2.304252881,6904.232514,1.3783,0.035322
FLS,Flowserve,Industrials,-0.0086,0.0186,25.0729121,3.190785015,5377.260936,1.145,-0.000741
FMC,FMC,Materials,0.0252,0.0075,14.39553071,3.976029525,11874.92237,1.8143,0.396989
FOX,Twenty-First Century Fox,Consumer Discretionary,0.0075,0.0094,19.46860052,3.792760354,71953.1779,1.2123,0.238143
FOXA,Twenty-First Century Fox,Consumer Discretionary,-0.0275,0.0093,19.59383722,3.817190067,72416.3163,1.2374,0.238143
FRT,Federal Realty Investment,Real Estate,-0.0031,0.0337,37.65222862,4.183703715,8750.70148,0.3559,0.144574
FTI,TechnipFMC,Energy,-0.0026,0.0163,#N/A,1.0884134,14438.37626,0.8061,0.016826
FTV,Fortive,Industrials,-0.0074,0.0038,21.29005253,6.330062114,25905.03866,#N/A,0.317546
GD,General Dynamics,Industrials,0.0003,0.0183,17.99118434,5.070582863,59700.74303,0.818,0.261775
GE,General Electric,Industrials,-0.0067,0.034,14.71416193,2.141868709,119857.6644,0.7033,-0.109946
GGP,GGP,Real Estate,-0.0039,0.0432,42.15417816,2.321783937,19541.61284,1.0498,0.074048
GILD,Gilead Sciences,Health Care,-0.0131,0.0334,11.37409298,4.422864891,91070.26646,1.3059,0.158905
GIS,General Mills,Consumer Staples,-0.0046,0.046,13.55321044,4.87879055,24226.21317,0.7489,0.508459
GLW,Corning,Information Technology,-0.0168,0.0258,16.71349075,1.957761593,23714.76462,1.1272,-0.077985
GM,General Motors,Consumer Discretionary,-0.002,0.0352,6.775424212,1.784306122,61197.96295,1.5996,-0.133622
GOOG,Alphabet,Information Technology,-0.0106,#N/A,26.21087971,4.920027254,791264.7204,1.3006,0.108929
GOOGL,Alphabet,Information Technology,-0.0245,#N/A,26.46884147,4.96845783,799050.6125,1.2888,0.108929
GPC,Genuine Parts,Consumer Discretionary,-0.0092,0.0315,16.54301856,3.899995676,13689.16937,1.1397,0.18836
GPN,Global Payments,Information Technology,-0.0095,0.0004,22.50749766,4.645080177,18355.64073,1.1744,0.151551
GPS,Gap,Consumer Discretionary,-0.0135,0.0335,12.13221384,3.778986091,12081.299,0.5982,0.286383
GRMN,Garmin,Consumer Discretionary,-0.004,0.0345,19.60178069,2.908527422,11626.11472,0.9533,0.157447
GS,Goldman Sachs Group,Financials,0.0048,0.014,9.988174649,1.191293001,86217.9335,1.2634,0.065887
GT,Goodyear Tire & Rubber,Consumer Discretionary,-0.013,0.0229,6.925647217,1.244481105,5894.994333,1.6178,0.053428
GWW,W.W. Grainger,Industrials,-0.0178,0.0176,21.06261339,9.950893356,17619.0899,0.6897,0.367308
HAL,Halliburton,Energy,-0.0198,0.0147,19.43788204,5.013969635,41941.75005,1.2649,-0.043978
HAS,Hasbro,Consumer Discretionary,-0.001,0.0289,18.24773733,6.924465482,10880.82429,0.5464,0.119179
HBAN,Huntington Bancshares,Financials,0.0104,0.029,12.5878,1.665,16824.4219,1.4476,0.134633
HBI,Hanesbrands,Consumer Discretionary,-0.0052,0.0328,10.70916484,9.631031833,6796.58578,0.2266,0.075852
HCA,HCA Healthcare,Health Care,-0.0056,0.0134,11.8382185,#N/A,36412.69515,0.506,-0.401469
HCP,HCP,Real Estate,-0.0085,0.0608,43.82805475,2.184925822,11375.13913,0.5967,-0.001223
HD,Home Depot,Consumer Discretionary,-0.0002,0.022,20.26215113,131.1839541,221307.3397,1.0621,3.416667
HES,Hess,Energy,-0.0069,0.0162,#N/A,1.728392438,18327.8948,1.4905,-0.307442
HIG,Hartford Financial,Financials,-0.009,0.0191,11.38253514,1.429477729,18787.98247,0.7349,-0.186268
HII,Huntington Ingalls Indus,Industrials,0.0042,0.0129,13.86221075,5.768085603,9909.593803,0.8087,0.304389
HLT,Hilton Worldwide Holdings,Consumer Discretionary,0.0097,0.0073,30.51599606,14.32752999,24958.63604,1.4999,0.803678
HOG,Harley-Davidson,Consumer Discretionary,-0.01,0.0364,11.08904577,3.458082394,6902.125814,0.6247,0.261976
HOLX,Hologic,Health Care,0.0051,#N/A,17.0168377,4.242073298,10374.41422,0.821,-0.047029
HON,Honeywell International,Industrials,-0.0066,0.0199,18.66696556,6.362987239,111957.3077,1.0596,0.091372
HP,Helmerich & Payne,Energy,-0.0114,0.0431,203.3681653,1.538738671,6929.231348,1.3698,0.101553
HPE,Hewlett Packard Enterprise,Information Technology,-0.009,0.029,#N/A,1.024677606,24523.62,#N/A,0.112196
HPQ,HP,Information Technology,-0.0057,0.0246,11.6940365,#N/A,38349.45605,1.8373,-1.334396
HRB,H&R Block,Financials,0.035,0.0344,11.97476886,#N/A,5926.69832,-0.2303,-0.579765
HRL,Hormel Foods,Consumer Staples,-0.0161,0.021,19.63332357,3.721227964,19169.13444,-0.0638,0.189833
HRS,Harris,Information Technology,-0.0037,0.0149,23.58979483,5.789549333,18161.95982,0.9574,0.21123
HSIC,Henry Schein,Health Care,0.009,#N/A,17.13753058,3.732776765,10832.57825,1.0534,0.140515
HST,Host Hotels & Resorts,Real Estate,-0.0008,0.0365,24.67850921,2.294302799,16287.17166,1.4775,0.093401
HSY,The Hershey,Consumer Staples,-0.008,0.0292,16.95267864,19.47948133,18936.56174,0.0998,1.146625
HUM,Humana,Health Care,-0.0148,0.0069,21.058371,4.016107405,40486.82772,0.7283,0.174309
IBM,IBM,Information Technology,-0.0107,0.0442,10.41350498,7.276105418,132178.2555,1.0437,0.308359
ICE,Intercontinental Exchange,Financials,0.0037,0.0133,20.96426496,2.517128175,42735.44186,0.3751,0.151814
IDXX,IDEXX Laboratories,Health Care,0.0041,#N/A,52.42054559,#N/A,18888.40285,0.6611,-4.538305
IFF,International Flavors,Materials,-0.002,0.0223,19.77324715,5.537767785,9819.339796,1.0373,0.181629
ILMN,Illumina,Health Care,0.0005,#N/A,57.43733987,13.64293211,41037.99,0.9542,0.20428
INCY,Incyte,Health Care,-0.0045,#N/A,56.60579187,8.904269444,14496.57362,1.2037,-0.119271
INFO,IHS Markit,Industrials,-0.0152,#N/A,22.23930516,2.477670817,20223.15356,0.8072,0.075595
INTC,Intel,Information Technology,-0.0097,0.021,14.81669013,3.785690656,265620,0.9899,0.160465
INTU,Intuit,Information Technology,0.0009,0.0076,37.71323722,22.62518314,53485.83113,1.2102,0.762701
IP,International Paper,Materials,-0.0074,0.0344,11.12414199,3.267584442,23673.61105,1.7897,0.479119
IPG,The Interpublic Group,Consumer Discretionary,-0.0257,0.0372,13.21173503,4.174242011,8801.41699,1.1201,0.264598
IPGP,IPG Photonics,Information Technology,-0.0009,#N/A,30.07046155,6.412195491,13756.5309,1.7113,0.197454
IQV,IQVIA Holdings,Health Care,-0.0196,#N/A,18.86210962,2.581110668,21154.78394,0.6271,0.168567
IR,Ingersoll-Rand,Industrials,-0.009,0.0204,16.64733801,3.096156744,21922.60332,1.4796,0.19035
IRM,Iron Mountain,Real Estate,-0.0132,0.0692,32.66023431,4.358916546,9850.078332,0.5173,0.083662
ISRG,Intuitive Surgical,Health Care,-0.0045,#N/A,48.4098912,10.16069152,55854.48426,1.0928,0.161099
IT,Gartner,Information Technology,-0.0027,#N/A,36.04537031,12.48348356,12328.37584,1.4051,-0.069562
ITW,Illinois Tool Works,Industrials,-0.0243,0.0212,18.81324267,11.86685907,49354.32317,1.2526,0.391429
IVZ,Invesco,Financials,-0.0032,0.0433,9.7826164,1.268514655,11283.64862,1.7126,0.140728
JBHT,JB Hunt Transport,Industrials,0.0047,0.0074,24.02091294,7.165184431,13922.49786,1.1628,0.436688
JCI,Johnson Controls,Industrials,-0.0147,0.0308,12.30668209,1.531058128,31958.68287,0.6987,0.103887
JEC,Jacobs Engineering Group,Industrials,-0.031,0.0092,15.65071745,1.586136198,9416.400045,1.5003,0.047595
JEF,Jefferies Financial Group,Financials,-0.0049,0.0181,#N/A,0.737135825,7562.67491,1.2794,0.00145
JNJ,Johnson & Johnson,Health Care,-0.0115,0.0297,14.95593624,5.150971152,325827.582,0.5583,0.018327
JNPR,Juniper Networks,Information Technology,-0.0094,0.0269,14.91971328,2.204049703,9531.857782,1.287,0.047758
JPM,JPMorgan Chase,Financials,-0.0255,0.0207,11.98767829,1.596214892,367341.3797,1.0957,0.115678
JWN,Nordstrom,Consumer Discretionary,-0.0034,0.0298,14.9514422,8.112218391,8680.081902,0.5902,0.529452
K,Kellogg,Consumer Staples,-0.0019,0.0338,14.16439802,8.643873027,21938.15493,0.3195,0.689836
KEY,KeyCorp,Financials,-0.0098,0.0243,11.70911932,1.519044146,21143.02855,0.8861,0.098834
KHC,Kraft Heinz,Consumer Staples,0.0006,0.0434,15.33200863,1.064794351,70541.30931,#N/A,0.180703
KIM,Kimco Realty,Real Estate,0.0011,0.0728,24.9664359,1.251647995,6789.857244,0.5481,0.09319
KLAC,KLA-Tencor,Information Technology,-0.0088,0.0259,14.88012824,13.44346407,18419.40605,1.4445,0.543097
KMB,Kimberly-Clark,Consumer Staples,-0.0058,0.0397,14.53857247,111.0800087,35212.37329,0.5828,6.264726
KMI,Kinder Morgan,Energy,-0.0103,0.0473,19.61607143,1.107378985,37282.60834,0.7923,0.007747
KMX,CarMax,Consumer Discretionary,-0.0218,#N/A,16.19277993,3.844489839,12751.57837,1.6492,0.206512
KO,Coca-Cola,Consumer Staples,-0.0101,0.0362,20.6504453,9.369831639,183742.2391,0.5555,0.069156
KORS,Michael Kors Holdings,Consumer Discretionary,0.0128,#N/A,13.28488411,4.716564746,9516.643059,-0.3877,0.326184
KR,Kroger,Consumer Staples,-0.0147,0.0205,12.01880242,3.068384242,21267.04764,0.9414,0.296413
KSS,Kohl's,Consumer Discretionary,-0.0058,0.0357,13.97990288,2.352714086,12600.94385,1.113,0.168002
KSU,Kansas City Southern,Industrials,0.0046,0.0133,17.16671268,2.353913922,10847.95089,0.5981,0.222507
L,Loews,Financials,0.0107,0.0051,14.37390725,0.854438497,15835.18789,0.4647,0.061768
LB,L Brands,Consumer Discretionary,0.0073,0.0694,13.2295057,#N/A,10393.76095,0.2467,-1.129106
LEG,Leggett & Platt,Consumer Discretionary,-0.0057,0.0367,15.93486979,4.649155387,5559.919647,0.8237,0.247072
LEN,Lennar,Consumer Discretionary,-0.0044,0.0031,10.35917121,1.307978683,17082.99386,1.1659,0.105859
LH,Laboratory Corp,Health Care,-0.0086,#N/A,15.76657369,2.670826744,18652.8705,1.3488,0.198483
LKQ,LKQ,Consumer Discretionary,-0.0137,#N/A,14.27519237,2.284202832,10065.59451,1.1636,0.136858
LLL,L3 Technologies,Industrials,-0.0013,0.016,20.66639602,2.995032616,15732.7453,1.3555,0.14296
LLY,Eli Lilly,Health Care,-0.0019,0.0265,16.4640202,6.338367568,92077.0608,0.2411,0.08129
LMT,Lockheed Martin,Industrials,-0.0065,0.0253,19.77990171,#N/A,91366.58469,0.6967,3.009294
LNC,Lincoln National,Financials,-0.0041,0.0196,7.984199556,0.9231581,14756.15457,1.986,0.124767
LNT,Alliant Energy,Utilities,0.0006,0.033,18.74459055,2.175635496,9206.031172,0.2472,0.118936
LOW,Lowe's Companies,Consumer Discretionary,-0.0082,0.0171,17.89240955,14.01138904,80495.69891,1.4065,0.674183
LRCX,Lam Research,Information Technology,-0.0304,0.0217,11.52233353,4.866846483,33109.24275,1.3681,0.279144
LUV,Southwest Airlines,Industrials,-0.0014,0.0126,11.55897061,3.066886815,29500.38684,1.2409,0.394884
LYB,LyondellBasell Industries,Materials,-0.0163,0.0354,10.35989085,4.671153523,45441.37432,1.3502,0.675421
M,Macy's,Consumer Discretionary,-0.0346,0.0425,10.41825235,2.106281725,12260.95545,0.5487,0.330944
MA,Mastercard,Information Technology,unch,0.0051,31.61625518,36.60584699,208762.8808,0.9912,0.743913
MAA,Mid-America Apartment,Real Estate,-0.0071,0.039,46.49272672,1.723859152,10845.45836,0.5234,0.053089
MAC,Macerich,Real Estate,-0.0145,0.0533,79.82045075,2.52540199,7974.5358,0.8678,0.011768
MAR,Marriott International,Consumer Discretionary,-0.0047,0.0119,24.92606929,13.69920037,48851.38402,1.3087,0.321099
MAS,Masco,Industrials,-0.0134,0.0112,15.29572912,#N/A,11994.25959,1.4755,-3.927536
MAT,Mattel,Consumer Discretionary,-0.0024,#N/A,#N/A,5.448438871,5352.899886,0.7275,-0.786052
MCD,McDonald's,Consumer Discretionary,-0.0052,0.0254,20.81803618,#N/A,125243.647,0.6884,-1.72721
MCHP,Microchip Technology,Information Technology,-0.0133,0.0144,15.53044139,7.323096026,24018.40033,1.1033,0.076493
MCK,McKesson,Health Care,0.007,0.0096,10.77334762,2.960517857,29024.62615,1.4373,0.006082
MCO,Moody's,Financials,-0.0039,0.0102,22.74048884,169.3179134,33812.78,1.0912,-2.442728
MDLZ,Mondelez International,Consumer Staples,-0.1088,0.0222,15.98557059,2.189302614,57911.16964,0.6002,0.124258
MDT,Medtronic,Health Care,-0.006,0.0209,16.93258162,2.33702452,117397.1758,0.7471,0.055682
MET,MetLife,Financials,-0.0061,0.036,9.188684481,0.837483186,47156.86385,0.9751,0.071777
MGM,MGM Resorts International,Consumer Discretionary,-0.0052,0.0151,22.05256595,2.330378091,17176.85119,1.5758,0.289188
MHK,Mohawk Industries,Consumer Discretionary,-0.0068,#N/A,13.37964004,2.092328699,15353.15844,1.3448,0.145421
MKC,McCormick & Co,Consumer Staples,-0.0319,0.0207,20.67469831,4.325601255,13237.19781,0.2944,0.34587
MLM,Martin Marietta Materials,Materials,-0.0086,0.0078,24.47867697,3.050104328,14264.18038,0.9857,0.155072
MMC,Marsh & McLennan,Financials,-0.0107,0.0206,18.65670889,5.181868322,41143.72802,0.8383,0.22484
MMM,3M,Industrials,0.0015,0.0273,19.31325773,10.84411221,119035.3061,1.0915,0.361209
MNST,Monster Beverage,Consumer Staples,-0.0167,#N/A,29.97424738,7.456769878,28899.33723,0.9,0.227843
MO,Altria Group,Consumer Staples,-0.012,0.0503,14.10067717,6.928072563,106650.7374,0.4778,0.792354
MON,Monsanto,#N/A,-0.0138,0.0169,22.65659711,7.280583748,56453.46208,0.9098,0.378975
MOS,Mosaic,Materials,-0.0046,0.0036,19.35955484,1.027045812,10737.7037,1.5414,-0.006456
MPC,Marathon Petroleum,Energy,-0.0029,0.0225,17.30581007,2.474877188,37093.48644,1.4731,0.258953
MRK,Merck & Co,Health Care,-0.0178,0.0317,14.50264184,4.907057046,165211.5625,1.0983,0.042576
MRO,Marathon Oil,Energy,0.0022,0.0093,27.44230489,1.459406191,17562.99847,3.02,-0.033881
MS,Morgan Stanley,Financials,0.0011,0.0195,10.67384427,1.29573742,90070.84913,1.4868,0.098249
MSCI,MSCI,Financials,0.0144,0.0093,30.88060111,34.58517978,14573.27795,1.2684,0.978418
MSFT,Microsoft,Information Technology,-0.0212,0.0167,26.65306884,9.916377634,785760.6083,1.2786,0.147444
MSI,Motorola Solutions,Information Technology,-0.0002,0.0191,16.50155137,#N/A,18219.14364,0.1689,0.093284
MTB,M&T Bank,Financials,-0.0061,0.0183,14.008679,1.749478638,25329.08859,0.937,0.094615
MTD,Mettler-Toledo Intl,Health Care,-0.0036,#N/A,28.31563,25.98396578,14570.44606,1.4409,0.746816
MU,Micron Technology,Information Technology,-0.0113,#N/A,5.129600508,2.676326396,68774.0349,1.5726,0.513967
MYL,Mylan,Health Care,-0.0059,#N/A,7.457471688,1.562719481,20592.0318,1.3128,0.055761
NAVI,Navient,#N/A,-0.017,0.0448,7.822746973,1.076057411,3913.53013,2.2603,0.092671
NBL,Noble Energy,Energy,0.0164,0.0123,32.45923452,1.611079481,16693.82653,1.1062,-0.059559
NCLH,Norwegian Cruise Line,Consumer Discretionary,-0.0016,#N/A,10.87038171,2.02374637,11411.97972,1.6691,0.150907
NDAQ,Nasdaq,Financials,-0.0067,0.0191,19.21325938,2.720166309,15572.90013,0.4777,0.131034
NEE,NextEra Energy,Utilities,-0.0075,0.0272,20.55917527,2.296677148,75113.97754,0.2495,0.296356
NEM,Newmont Mining,Materials,0.0005,0.0145,26.80783393,1.941202824,20528.55667,0.5664,0.004444
NFLX,Netflix,Information Technology,-0.0031,#N/A,127.1048722,39.54658903,159006.2061,1.3466,0.197115
NFX,Newfield Exploration,Energy,-0.01,#N/A,8.511622801,3.737755177,5625.291279,1.7022,0.280632
NI,NiSource,Utilities,0.0134,0.0315,18.91193038,1.81751225,8190.131924,0.2,0.044947
NKE,Nike,Consumer Discretionary,0.0038,0.011,27.41042555,12.20269657,119366.9012,0.5803,0.153762
NKTR,Nektar Therapeutics,Health Care,-0.0065,#N/A,15.08145619,164.2767475,9574.543623,2.7497,-2.309883
NLSN,Nielsen Holdings,Industrials,0.0064,0.0469,11.46133835,2.510673224,10690.32421,0.8813,0.102012
NOC,Northrop Grumman,Industrials,-0.0081,0.0145,21.30663735,7.479925477,57445.64316,0.7937,0.323261
NOV,National Oilwell Varco,Energy,-0.0004,0.0048,448.9273143,1.14106756,16067.87901,0.6667,-0.013046
NRG,NRG Energy,Utilities,0.0042,0.0035,9.95562836,#N/A,10595.92066,1.0545,-2.553001
NSC,Norfolk Southern,Industrials,-0.01,0.0186,17.44937915,2.597244096,42641.2235,1.4606,0.390633
NTAP,NetApp,Information Technology,0.0015,0.0143,17.88234048,8.970970563,19520.84789,1.7738,-0.001895
NTRS,Northern Trust,Financials,-0.0077,0.0159,16.3356444,2.53016196,23642.0858,1.0045,0.141048
NUE,Nucor,Materials,-0.021,0.0231,10.68801256,2.349189121,21086.62366,1.644,0.153981
NVDA,NVIDIA,Information Technology,0.0006,0.0023,34.16655724,20.85599721,160946.05,1.5951,0.562342
NWL,Newell Brands,Consumer Discretionary,-0.0065,0.0398,8.885049612,0.810473643,11452.806,0.5315,0.165793
NWS,News,Consumer Discretionary,-0.0029,0.0128,37.30903514,0.961942492,9326.363195,1.7695,-0.147202
NWSA,News,Consumer Discretionary,-0.1266,0.0131,36.423,0.939141007,9104.86204,1.9348,-0.147202
O,Realty Income,Real Estate,-0.135,0.0497,41.44971163,2.074230643,15075.36552,0.2872,0.043448
OKE,ONEOK,Energy,-0.0082,0.0446,25.94332199,4.20677552,28191.60584,1.337,0.121582
OMC,Omnicom Group,Consumer Discretionary,0.0023,0.0332,12.97987212,6.31311944,16580.77636,1.0253,0.456901
ORCL,Oracle,Information Technology,-0.0012,0.0161,14.0651809,4.035366188,192848.4662,1.1059,0.069124
ORLY,O'Reilly Automotive,Consumer Discretionary,-0.0045,#N/A,17.76656269,53.30862681,22593.70419,0.8503,1.473497
OXY,Occidental Petroleum,Energy,0.0005,0.0362,18.88252746,3.160312652,65488.66753,0.5642,0.091373
PAYX,Paychex,Information Technology,0.0127,0.0337,24.2376303,11.78376671,24103.7866,0.973,0.458961
PBCT,People's United,Financials,-0.0032,0.0376,14.76206122,1.171947447,6564.450332,0.9146,0.069086
PCAR,PACCAR,Industrials,-0.0054,0.0178,11.3012007,2.643682847,22649.64364,0.9838,0.239822
PCG,PG&E,Utilities,-0.0117,#N/A,10.9891829,1.099038262,21684.79073,-0.0382,0.080335
PEG,Public Service Enterprise,Utilities,-0.028,0.0343,16.7317524,1.862011708,26261.20045,0.3398,0.150602
PEP,PepsiCo,Consumer Staples,-0.0127,0.037,17.59890582,13.05542526,142082.6283,0.6378,0.4146
PFE,Pfizer,Health Care,-0.0073,0.0375,12.37080516,3.038066283,213158.3673,0.9349,0.340926
PFG,Principal Financial Group,Financials,-0.0017,0.0353,9.871099893,1.315230254,16029.03564,1.2611,0.200504
PG,Procter & Gamble,Consumer Staples,-0.0298,0.0391,17.66893322,3.487471852,186030.071,0.3905,0.188437
PGR,Progressive,Financials,0.0004,#N/A,15.62701413,3.733355754,36696.546,0.5001,0.205356
PH,Parker Hannifin,Industrials,-0.0016,0.0176,17.17461239,3.918906245,23005.30022,1.2053,0.185945
PHM,PulteGroup,Consumer Discretionary,-0.0175,0.0119,9.269509648,2.051978663,8771.32188,0.7223,0.120316
PKG,Packaging Corp of America,Materials,-0.0201,0.0263,15.2613212,5.025675216,11427.27232,1.9636,0.339475
PKI,PerkinElmer,Health Care,-0.009,0.0037,21.21370472,3.317877342,8477.914072,1.2995,0.114382
PLD,Prologis,Real Estate,-0.0078,0.0295,34.62801461,2.257093313,35236.53222,1.1059,0.119273
PM,Philip Morris Intl,Consumer Staples,-0.0122,0.0547,14.89195246,#N/A,120751.517,0.7316,-0.498066
PNC,PNC Financial Services Gr,Financials,-0.0218,0.0207,13.73947153,1.45320475,68255.73559,0.962,0.118389
PNR,Pentair,Industrials,-0.0115,0.016,19.35568641,1.65698126,7820.459816,1.2303,0.141738
PNW,Pinnacle West Capital,Utilities,-0.0092,0.0358,16.93387015,1.687507612,8471.104604,0.1434,0.094213
PPG,PPG Industries,Materials,-0.0001,0.0176,16.09185122,4.597042898,25550.60054,1.4886,0.293456
PPL,PPL,Utilities,-0.016,0.0608,11.572647,1.681344996,18790.27311,0.5175,0.110562
PRGO,Perrigo Co,Health Care,-0.0031,0.0103,14.04846187,1.651385732,10247.58004,0.7747,0.021085
PRU,Prudential Financial,Financials,-0.0019,0.0364,8.083271151,0.798981143,41412,1.4576,0.156203
PSA,Public Storage,Real Estate,-0.0297,0.0378,28.42276947,7.627320178,37114.34682,0.3871,0.292773
PSX,Phillips 66,Energy,-0.0049,0.0269,15.74587221,2.52503781,55355.39885,0.8088,0.222951
PVH,PVH,Consumer Discretionary,0.0034,0.0009,17.54127385,2.229501971,12406.25747,0.6183,0.122868
PWR,Quanta Services,Industrials,-0.0156,#N/A,13.37745542,1.515622606,5522.075556,0.6928,0.084228
PX,Praxair,Materials,-0.0072,0.0209,23.48432584,7.2000571,45849.80369,1.1198,0.220161
PXD,Pioneer Natural Resources,Energy,-0.015,0.0017,27.64605753,2.858526326,32578.92093,1.2366,0.09714
PYPL,PayPal Holdings,Information Technology,0.0026,#N/A,36.36709741,6.899960837,101022.869,#N/A,0.126964
QCOM,Qualcomm,Information Technology,-0.0018,0.0423,18.1966653,3.722869426,88675.63973,1.5882,-0.161379
QRVO,Qorvo,Information Technology,-0.004,#N/A,13.98592331,2.164229734,10335.54691,1.2924,-0.008286
RCL,Royal Caribbean Cruises,Consumer Discretionary,-0.0271,0.0226,11.52901479,2.031587128,21629.93565,1.3592,0.160547
RE,Everest Re Group,Financials,-0.0047,0.023,10.38429984,1.112710641,9284.54204,0.2652,0.046574
REG,Regency Centers,Real Estate,-0.0002,0.0384,37.13049586,1.518506808,9968.11379,0.5066,0.037751
REGN,Regeneron Pharmaceuticals,Health Care,-0.0011,#N/A,16.62246975,5.119423436,33622.49326,1.5545,0.244864
RF,Regions Financial,Financials,-0.009,0.0194,13.25260854,1.391082007,20913.03063,1.3297,0.087996
RHI,Robert Half International,Industrials,-0.0078,0.0175,19.7573996,7.319815332,8160.074147,1.2669,0.277925
RHT,Red Hat,Information Technology,-0.002,#N/A,50.27103569,20.82553895,30618.38804,1.2095,0.188726
RJF,Raymond James Financial,Financials,0.0004,0.0122,14.51851068,2.418153727,14365.92868,1.8251,0.132763
RL,Ralph Lauren,Consumer Discretionary,-0.0091,0.0145,22.11292298,3.292719123,11384.20665,0.5684,0.047786
RMD,ResMed,Health Care,-0.0018,0.0135,30.41835335,7.286241796,15060.32859,1.3369,0.154448
ROK,Rockwell Automation,Industrials,-0.0029,0.0206,22.68552647,11.49941091,22391.61319,1.0928,0.185097
ROP,Roper Technologies,Industrials,-0.0151,0.0059,25.08089197,4.066415332,29097.39426,1.3296,0.156971
ROST,Ross Stores,Consumer Discretionary,-0.0075,0.0112,20.63582764,10.14832764,31767.27518,0.7507,0.498094
RRC,Range Resources,#N/A,-0.0062,0.0049,16.8233781,0.676170038,3945.424912,0.2609,0.037384
RSG,Republic Services,Industrials,-0.0044,0.0203,22.1249,2.8152,22272.9581,0.5458,0.170769
RTN,Raytheon,Industrials,0.0013,0.0164,21.70040605,5.984077807,61258.935,0.6591,0.205814
SBAC,SBA Communications,Real Estate,-0.0054,#N/A,168.1440664,#N/A,18396.35606,1.0002,-0.043005
SBUX,Starbucks,Consumer Discretionary,-0.0079,0.0211,22.37944034,16.3390342,76976.4,0.5049,0.802305
SCG,SCANA,Utilities,-0.0068,0.0693,11.6975383,0.980039075,5237.303852,0.1888,-0.021584
SCHW,Charles Schwab,Financials,-0.0024,0.0071,23.16253976,4.594535438,75979.35328,1.6928,0.16835
SEE,Sealed Air,Materials,-0.041,0.0146,17.33137148,#N/A,7076.487264,0.6572,2.162372
SHW,Sherwin-Williams,Materials,-0.0024,0.0089,20.86362413,9.898770299,36526.78943,1.4712,0.611542
SIVB,SVB Financial,Financials,-0.0071,#N/A,19.84072748,3.818643234,16861.0626,1.7301,0.143705
SJM,JM Smucker,Consumer Staples,0.0012,0.0294,11.58377742,1.545144946,12058.5445,0.2673,0.176093
SLB,Schlumberger,Energy,0.0098,0.029,33.25983842,2.567367019,94798.51618,1.02,-0.032512
SLG,SL Green Realty,Real Estate,-0.0099,0.0332,51.73686316,1.387241123,8691.961228,1.3865,0.029397
SNA,Snap-on,Consumer Discretionary,-0.008,0.0217,13.25730196,2.811720977,8670.950596,0.9548,0.198837
SNPS,Synopsys,Information Technology,0.0012,#N/A,23.73296985,4.133086708,13458.66448,1.2297,0.028978
SO,Southern,Utilities,-0.0145,0.0543,15.06637924,1.794850444,44288.92501,0.0168,0.046858
SPG,Simon Property Group,Real Estate,-0.0131,0.0485,22.38982665,14.57669022,50477.66072,0.7567,0.565243
SPGI,S&P Global,Financials,0.0018,0.01,23.85128991,7308.163,51157.141,1.1745,2.359584
SRCL,Stericycle,Industrials,-0.0018,#N/A,13.63687438,1.837307021,5401.58872,0.4305,0.002351
SRE,Sempra Energy,Utilities,-0.0025,0.0343,19.04121389,1.919547389,27163.93133,0.4799,0.012222
STI,SunTrust Banks,Financials,-0.0113,0.0234,13.14186963,1.447307608,32193.89029,1.4138,0.109105
STT,State Street Corporation,Financials,-0.0211,0.0171,12.61003597,1.861753724,35751.52848,1.4475,0.123474
STX,Seagate Technology,Information Technology,-0.0027,0.0435,11.0800755,12.45688413,16991.21158,1.568,0.627631
STZ,Constellation Brands,Consumer Staples,-0.0069,0.0133,23.17549818,5.355655954,43092.42455,-0.0707,0.303132
SWK,Stanley Black & Decker,Consumer Discretionary,-0.0184,0.0178,16.79292068,2.844676789,21873.4,1.1537,0.138362
SWKS,Skyworks Solutions,Information Technology,-0.0131,0.0127,13.99243749,4.452765919,18123.71559,0.8017,0.22151
SYF,Synchrony Financial,Financials,-0.019,0.0171,10.09478773,1.839615289,26408.93346,1.0951,0.144796
SYK,Stryker,Health Care,-0.0068,0.0107,24.53199495,7.189091966,66240.25699,0.4686,0.103255
SYMC,Symantec,Information Technology,-0.0026,0.0143,13.67439574,2.673965106,13257.41835,0.6975,0.272803
SYY,Sysco,Consumer Staples,-0.0221,0.022,21.87420549,14.58684252,34296.66636,0.4758,0.556322
T,AT&T,Telecommunication Services,-0.0071,0.0616,9.658598704,1.37536316,200687.88,0.3922,0.232036
TAP,Molson Coors Brewing,Consumer Staples,-0.0162,0.0266,12.48175235,0.980368475,13182.38646,0.5078,0.118607
TDG,TransDigm Group,Industrials,-0.0066,#N/A,19.08600759,#N/A,17632.0814,0.8034,-0.353371
TEL,TE Connectivity,Information Technology,-0.016,0.0186,17.13379391,3.523962505,33406.76197,1.125,0.141051
TGT,Target,Consumer Discretionary,0.0011,0.0341,14.86610244,3.751204715,41856.42098,0.5464,0.264686
TIF,Tiffany,Consumer Discretionary,-0.0201,0.0166,28.48587342,5.109836881,16625.97076,1.7041,0.132359
TJX,TJX Companies,Consumer Discretionary,0.0089,0.0173,19.24253663,11.17249833,58794.06194,0.3838,0.57722
TMK,Torchmark,Financials,-0.0105,0.0075,14.03485471,1.655266448,9634.17592,0.8391,0.276588
TMO,Thermo Fisher Scientific,Health Care,-0.0078,0.0032,19.68918906,3.308664869,86431.11458,1.3099,0.093527
TPR,Tapestry,Consumer Discretionary,0.0082,0.0303,17.20940527,4.107263256,12888.47665,0.0433,0.113094
TRIP,TripAdvisor,Consumer Discretionary,-0.0125,#N/A,42.51243671,5.684937756,7902.080995,1.052,-0.019543
TROW,T. Rowe Price Group,Financials,-0.0147,0.0228,17.16156035,5.027022266,29669.10785,1.1367,0.285453
TRV,Travelers Companies,Financials,-0.0053,0.0238,12.34013676,1.518407879,34890.73379,1.292,0.089384
TSCO,Tractor Supply,Consumer Discretionary,-0.008,0.0165,18.51046249,7.048410751,9256.294793,1.2224,0.315875
TSN,Tyson Foods,Consumer Staples,0.008,0.0176,10.57070695,2.093448688,25405.57546,0.1128,0.255594
TSS,Total System Services,Information Technology,0.0041,0.006,20.06409418,6.637254689,15893.45455,1.3494,0.272838
TTWO,Take-Two Interactive,Information Technology,0.0288,#N/A,24.80949384,8.692754504,12943.19551,1.6704,0.134195
TWX,Time Warner,#N/A,0.0016,0.0171,11.59578091,2.453624952,73131.21749,0.804,0.199695
TXN,Texas Instruments,Information Technology,-0.0372,0.0216,21.12038081,10.82219393,115169.7263,1.2259,0.379919
TXT,Textron,Industrials,-0.0069,0.0012,21.65974925,3.074030872,17497.65745,1.4128,0.069491
UA,Under Armour,Consumer Discretionary,-0.0005,#N/A,106.15,4.678482169,9439.953518,#N/A,-0.037438
UAA,Under Armour,Consumer Discretionary,-0.0043,#N/A,134.2476672,5.198525495,10489.33121,-0.3433,-0.037438
UAL,United Continental Holdings,Industrials,-0.0124,#N/A,8.881049428,2.305315176,19217.27181,1.1603,0.251296
UDR,UDR,Real Estate,-0.0135,0.0351,85.897678,3.503716108,9919.946804,0.4902,0.062246
UHS,Universal Health Services,Health Care,0.006,0.0035,12.26046704,2.101260161,10959.66216,0.7017,0.156398
ULTA,Ulta Beauty,Consumer Discretionary,0.0016,#N/A,23.23103428,8.565904111,15276.693,0.8006,0.349916
UNH,UnitedHealth Group,Health Care,-0.0047,0.0123,19.3366499,4.937739541,234806.1465,0.7367,0.248614
UNM,Unum,Financials,-0.0233,0.0235,7.581187355,0.897850424,8529.26379,1.3248,0.110529
UNP,Union Pacific,Industrials,0.0005,0.0199,18.66325895,4.519321419,110222.1883,0.8959,0.508196
UPS,United Parcel Service,Industrials,-0.0132,0.031,16.1325504,74.91045218,100679.6493,0.9094,4.525036
URI,United Rentals,Industrials,-0.0144,#N/A,10.78401828,4.481875798,13705.66256,2.647,0.587943
USB,US Bancorp,Financials,-0.0071,0.0236,12.63439666,1.920257022,84044.67307,0.9637,0.14863
UTX,United Technologies,Industrials,-0.0085,0.0223,17.69344531,3.300453211,100775.4947,1.0809,0.152779
V,Visa,Information Technology,-0.002,0.0064,29.66081852,10.76529532,308176.8783,1.0256,0.344412
VAR,Varian Medical Systems,Health Care,-0.0018,#N/A,27.0574066,7.647657215,11105.92546,1.1108,0.095546
VFC,VF,Consumer Discretionary,0.0077,0.0226,23.52507986,8.906055726,32846.551,0.6513,0.170056
VIAB,Viacom,Consumer Discretionary,unch,0.03,6.67897487,1.606615553,10893.10064,1.6074,0.366002
VLO,Valero Energy,Energy,0.002,0.0259,17.77130771,2.430027949,53162.42616,0.9328,0.203345
VMC,Vulcan Materials,Materials,-0.0213,0.0087,29.19740959,3.465736437,17028.12327,1.0837,0.128586
VNO,Vornado Realty Trust,Real Estate,-0.0074,0.0357,55.42439612,3.911655296,13568.57242,1.2075,0.039137
VRSK,Verisk Analytics,Industrials,0.0021,#N/A,26.61089506,8.252696723,18026.47355,0.562,0.335484
VRSN,VeriSign,Information Technology,-0.0028,#N/A,29.68359349,#N/A,13176.29777,0.7978,-0.388416
VRTX,Vertex Pharmaceuticals,Health Care,-0.0013,#N/A,45.42023631,15.4645387,37131.30841,1.9249,0.12031
VTR,Ventas,Real Estate,-0.0145,0.0576,38.31986585,1.808276814,19422.5835,0.4397,0.116423
VZ,Verizon Communications,Telecommunication Services,-0.0102,0.0494,10.55312238,3.899136763,198000.4802,0.716,0.920741
WAT,Waters,Health Care,-0.0102,#N/A,23.85713479,7.267545121,15370.07396,1.4772,0.011229
WBA,Walgreens Boots Alliance,Consumer Staples,0.0048,0.0255,10.56153602,2.280199526,62375.76626,0.8183,0.146163
WDC,Western Digital,Information Technology,-0.02,0.0233,5.870957831,2.272687566,25680.95704,0.8007,0.017432
WEC,WEC Energy Group,Utilities,0.0025,0.0355,18.45074255,1.978848611,19191.06978,0.0022,0.132435
WELL,Welltower,Real Estate,-0.005,0.06,39.21497023,1.544099273,21370.33722,0.5075,0.045652
WFC,Wells Fargo,Financials,-0.0067,0.0285,12.06897932,1.48890186,266107.6383,1.2564,0.121984
WHR,Whirlpool,Consumer Discretionary,-0.0266,0.0317,9.461043459,2.425201649,10401.85057,1.7,0.063855
WLTW,Willis Towers Watson,Financials,-0.0124,0.0158,15.82159796,1.891617993,20187.32546,0.9509,0.042826
WM,Waste Management,Industrials,-0.0022,0.0222,20.80084217,5.959796343,36020.82293,0.6838,0.361099
WMB,Williams Companies,Energy,unch,0.051,24.65139035,2.31520535,21931.68617,1.7263,0.221992
WMT,Walmart,Consumer Staples,0.0131,0.0251,17.52911755,3.303101042,249691.1068,0.4402,0.117965
WRK,WestRock,Materials,-0.0101,0.0286,14.97148179,1.349265623,15580.73519,#N/A,0.177335
WU,The Western Union,Information Technology,-0.0042,0.0379,11.0750473,#N/A,9504.810352,0.8651,-2.014836
WY,Weyerhaeuser,Real Estate,-0.0113,0.034,25.88631824,3.217132947,28925.50498,1.5881,0.076702
WYNN,Wynn Resorts,Consumer Discretionary,-0.0249,0.0156,21.02191675,26.96504047,19187.32289,1.9501,0.890574
XEC,Cimarex Energy,Energy,0.0126,0.0073,11.57565299,2.913313013,8016.12,0.9332,0.224455
XEL,Xcel Energy,Utilities,-0.0023,0.034,17.85894934,1.907148256,22048.76951,0.0267,0.105892
XL,XL Group,Financials,-0.0007,0.0157,16.18748538,1.501136503,14453.74614,0.1602,-0.054456
XLNX,Xilinx,Information Technology,-0.0309,0.0205,24.18734679,7.720959761,17991.68398,0.731,0.209531
XOM,Exxon Mobil,Energy,-0.0112,0.0401,16.58700445,1.81552575,341670.4361,0.8212,0.111264
XRAY,Dentsply Sirona,Health Care,-0.0274,0.0081,16.33949317,1.437032294,9618.374175,1.1907,-0.211122
XRX,Xerox,Information Technology,-0.0046,0.0366,7.769400256,1.320626087,7050.801942,1.2428,0.035396
XYL,Xylem,Industrials,-0.0116,0.0117,24.83141248,5.075477638,12896.75879,0.7301,0.146003
YUM,Yum Brands,Consumer Discretionary,0.0025,0.0176,24.33226261,#N/A,26875.50191,0.4522,-0.239855
ZBH,Zimmer Biomet Holdings,Health Care,-0.0095,0.0085,14.73872312,1.916112617,22989.98407,1.1581,0.155259
ZION,Zions Bancorp,Financials,-0.0017,0.0172,14.30599376,1.553367089,10995.07475,1.4287,0.0968
ZTS,Zoetis,Health Care,-0.0076,0.0059,27.70347095,20.92960951,41022.10861,1.0063,0.54075
